cpf,name
1,Augustina Lande
2,Christoforo Woolforde
3,Kayne McGenis
4,Billie Chander
5,Oliy MacTrustrie
6,Kermit Kalisch
7,Tiphani Moulson
8,Kai O'Scully
9,Kelsey Brouard
10,Barnabe Brunn
11,Hugh Payle
12,Christiano Laugharne
13,Ilsa Garret
14,Garrick Main
15,Kenton Mattingley
16,Haydon Grimwade
17,Granthem Bascomb
18,Stacy Mabb
19,Elinor Nono
20,Sallee Cruden
21,Rhys Youell
22,Kelvin Olander
23,Libbi Gorton
24,Dawn Gino
25,Jaquelin Tine
26,Cloris Yashnov
27,Maegan McAlister
28,Flory Verbruggen
29,Gerhard Kinglesyd
30,Sterne Flisher
31,Joannes Eggar
32,Sib Orviss
33,Isak Schorah
34,Kermie Langthorne
35,Amara Tregian
36,Florry McPharlain
37,Hayley Bernardotte
38,Aime Rallin
39,Ari Heffer
40,Myles Foad
41,Christalle Mordue
42,Clementia Daulby
43,Justen Pilmer
44,Michaella Brewerton
45,Raynell McAlinion
46,Orrin Fowls
47,Marjie Kinge
48,Granger Gresty
49,Bartie Spadoni
50,Cariotta Weson
51,Maggee Horlick
52,Rourke Louch
53,Bridgette Matzkaitis
54,Shawnee Franzoli
55,Ashli Ashcroft
56,Robyn Gruszecki
57,Brier Palphreyman
58,Leisha Menicomb
59,Imojean Welberry
60,Spencer Goulter
61,Mitzi Bricklebank
62,Arlee Pierce
63,Blondell De Beauchemp
64,Hew Gobel
65,Jessamine Caley
66,Joana Faraday
67,Morry Broadbridge
68,Casey Seide
69,Wittie Sudlow
70,Alene Yeudall
71,Cary Owbrick
72,Brantley Baines
73,Guss Dransfield
74,Cybill Povlsen
75,Hadria Vedekhov
76,Ignaz Sone
77,Juliette Yukhnevich
78,Arvin Berrycloth
79,Krystyna Denness
80,Pietrek Knowlys
81,Eleonore Appleyard
82,Wendell Dursley
83,Jo Owlner
84,Randy Trevascus
85,Linc Record
86,Lotti Mulderrig
87,Sosanna Renyard
88,Winona Etheredge
89,Tedi Causer
90,Dal Alexandersen
91,Scott Murtimer
92,Lesley Gaven
93,Dorene Peplay
94,Rabbi Wheeliker
95,Phil Scotchforth
96,Eddie Dell Casa
97,Hube Storie
98,Millicent Hammarberg
99,Fay Pattillo
100,Maritsa Mordy
101,Burg Van
102,Rasia Pagram
103,Alphard Peare
104,Ronny Panner
105,Isaiah Cato
106,Jervis Station
107,Rowan Sinott
108,Dino Hecks
109,Teodorico Lightbowne
110,Ody Kearney
111,Tine Moatt
112,Sibilla ffrench Beytagh
113,Johnette Boyall
114,Batsheva Blore
115,Casar Brockton
116,Rowena Crispe
117,Cristal Sturr
118,Sela Tatlow
119,Lanie Pagnin
120,Danica McSweeney
121,Orlan Betteney
122,Arne Strowthers
123,Job Pady
124,Jere Skellon
125,Lyndsey Meneur
126,Sibby Balderson
127,Zsa zsa Matoshin
128,Doralynn Clemoes
129,Bab Guile
130,Harlene Bunford
131,Mella Bousler
132,Rhody Crocken
133,Tore Ahmad
134,Ryun Quiney
135,Fin McGowan
136,Rivy Glandon
137,Joella McIndoe
138,Kathie Dederich
139,Melantha O'Kielt
140,Beryl Maundrell
141,Christean Heigho
142,Dottie Bruun
143,Wini Matusovsky
144,Brinn Beaman
145,Ragnar Capsey
146,Osbourne Arber
147,Margit Guitel
148,Harry Petrashkov
149,Pauli Brind
150,Carmelina Brimming
151,Mahala Stamp
152,Fina Cram
153,Millicent Surtees
154,Ruperta Sherel
155,Faydra Sandes
156,Bord Mertel
157,Nolly Barenski
158,Kent Fitzsimons
159,Devin Chadbourne
160,Giraud Crebo
161,Marven Gozzard
162,Alma Botting
163,Olivia Hume
164,Leigh Woolston
165,Amalle Bugdall
166,Brok Gramer
167,Eadmund McOmish
168,Collete Ebertz
169,Nadia Scandroot
170,Gracie Allmark
171,Jorgan Goreway
172,Germaine Mullen
173,Kristy Spellecy
174,Gena Boshard
175,Rici Grouse
176,Wilt Thursfield
177,Verina Ellen
178,Nadine Staining
179,Lloyd Klaffs
180,Olly Tunbridge
181,Alfi Espinel
182,Lorita Eary
183,Hayes Egglestone
184,Westbrooke Johns
185,Dalt Featherstone
186,Bianka Choffin
187,Allsun Petti
188,Rikki Lansdale
189,Hephzibah Cowell
190,Hubert Tunna
191,Olivier Ghest
192,Enrichetta Joplin
193,Hamish Shanklin
194,Reynard Durber
195,Clayson Demsey
196,Idalia Dewane
197,Deloria Maypother
198,Vinny Miere
199,Nomi Strettle
200,Bryce Narrie
201,Regen Norway
202,Gal Cure
203,Elga Bartke
204,Shauna Elintune
205,Gianna Bullin
206,Noam Le Ball
207,Rodd Fearey
208,Sigismondo Scown
209,Tedie Gullick
210,Janifer Barratt
211,Mame Powney
212,Dorotea Mettetal
213,Modesty Gyenes
214,Uriel Jonson
215,Everard Gallandre
216,Kellsie Eyrl
217,Freida Paaso
218,Casar Hinkley
219,Danita Amorine
220,Nicolette Dawtry
221,Eddie Carbett
222,Torrey De Miranda
223,Legra Guilliland
224,Angelique Longstreet
225,Valry Knevett
226,Ashton Ipgrave
227,Leicester Cecchi
228,Janet Arlett
229,Travis Roxbrough
230,Mavra Hruska
231,Eunice Dominec
232,Bary Hosburn
233,Zaneta Bidder
234,Tyler Antoney
235,Crysta McIndoe
236,Sadie Wharton
237,Parker O'Dempsey
238,Jeanie Carley
239,Kary Wonfar
240,Fannie Du Pre
241,Brew Messham
242,Winonah Basson
243,Elizabeth Curnick
244,Rosalinde Doubleday
245,Antonie Katzmann
246,Cassaundra Dumbell
247,Bord Tyrone
248,Lucais Thormwell
249,Boothe Knightsbridge
250,Elsey Auld
251,Daryl Kenwrick
252,Massimo Klosges
253,Benita Whitbread
254,Roberto Netti
255,Ardelle Monelle
256,Jonah McGeady
257,Elwood Ovesen
258,Pascale Piller
259,Pierette Hafner
260,Shandee McKimm
261,Bertie Cortese
262,Morris Chessum
263,Milena Lago
264,Xavier Pearcy
265,Pippa Ivons
266,Conway Bartelli
267,Teresina Roisen
268,Andras Learie
269,Mil Jeannet
270,Rockey Lehmann
271,Rina Jacobsohn
272,Silvana Pudsey
273,Pavia Randales
274,Nananne Crighton
275,Ingaborg Manach
276,Adam Futcher
277,Aggy Kaye
278,Dory Stuehmeier
279,Adams Reynold
280,Welby Binton
281,Emlynne Odde
282,Linoel Normanvill
283,Ly Betteney
284,Ring Clayal
285,Lauri Pattle
286,Aeriell Archbould
287,Nissa Stratten
288,Chrystal Barff
289,Cele Dennes
290,Kit Collcutt
291,Caron MacAskie
292,Gracie Yurasov
293,Gustavus Hardwicke
294,Rozelle Martugin
295,Donavon Alenichev
296,Hertha Dy
297,Elisabet Bradder
298,Karlotta MacCrann
299,Poppy Macy
300,Armando Mavin
301,Sarette Robertet
302,Emanuel Basketfield
303,Lyndell Ingold
304,Carly McCarron
305,Mitchael Wand
306,Jodie Nel
307,Ellsworth Horrigan
308,Trumann Whal
309,Tripp Cuttle
310,Jehu Harbert
311,Chiquia Marcroft
312,Georgetta Pury
313,Jacquie Kyrkeman
314,Lorrie Yakunchikov
315,Loretta Matokhnin
316,Clary Shaxby
317,Diarmid Peddersen
318,Dotti Stolle
319,Cacilie Peek
320,Tedra Jeafferson
321,Elnora Normington
322,Loralyn Leguey
323,Kerr McLae
324,Gino Dixie
325,Ashli McKeachie
326,Pris Emmett
327,Blake Coggell
328,Cos Caherny
329,Genna Zeale
330,Neal Hizir
331,Gwendolen Benedicto
332,Pippo Senton
333,Rona Osborn
334,Jeniece Rossbrooke
335,Torrance Sacher
336,Miranda McIlherran
337,Othella Furber
338,Silvana Chastney
339,Boone Govey
340,Margalit Dran
341,Reynold Kohn
342,Alistair Blenkinsop
343,Moses January
344,Adrianne Kid
345,Antonina Simnell
346,Obidiah Dmtrovic
347,Cleavland Schelle
348,Spenser Garnar
349,Reamonn McGowran
350,Antonella Serjeantson
351,Nona Dallicoat
352,Kata Hallowell
353,Jobi Elington
354,Barbe Skillings
355,Tina Percifer
356,Ernie Champness
357,Ruthann Schade
358,Boothe Werlock
359,Sophey Rough
360,Francklyn Vasile
361,Goldina O'Loughlin
362,Coralyn Bowdon
363,Zabrina Geelan
364,Nancey Readhead
365,Kerrin Crawforth
366,Christi Perotti
367,Sara McConaghy
368,Deidre Paige
369,Channa Skunes
370,Dee dee Pauler
371,Kristofer Rupp
372,Giulietta Godbehere
373,Carey Footitt
374,Ermentrude Greenleaf
375,Minna Chiswell
376,Fredek Shearsby
377,Keefe Hurton
378,Magda Chavrin
379,Wendy Leyband
380,Kevan Phipson
381,Worthington Hurndall
382,Kathy O'Hdirscoll
383,Robinette Pabelik
384,Kissiah Pigeram
385,Abbey Sterry
386,Alfie Hynes
387,Marylynne Katte
388,Shandy McKeevers
389,Kelly Samme
390,Tarrah Antoinet
391,Kirby Paynes
392,Nikolos McQuarter
393,Koressa Tutchings
394,Burg Drohane
395,Bevon Carbery
396,Cullie Cotte
397,Lenora Di Nisco
398,Alfy Sighard
399,Cully Woolatt
400,Jeanelle Wolseley
401,Paige Cousans
402,Domenic Careswell
403,Oriana Takkos
404,Meredithe Purcell
405,Raeann Huffa
406,Marthe Kanter
407,Aldo Scrogges
408,Theresita Furphy
409,Rodney Causey
410,Charmion von Hagt
411,Tully Meneely
412,Maryanna Alpes
413,Guglielma Callaghan
414,Elonore Bamsey
415,Alix Aitken
416,Roosevelt Eddins
417,Lorianne Muslim
418,Ramona January
419,Drona Ivashnikov
420,Antoni Switsur
421,Bel Arends
422,Cleavland Greest
423,Noella Spikings
424,Henrietta Le Fevre
425,Kaitlynn Peirson
426,Teresita Kinner
427,Maisey Hessing
428,Arnold Fulun
429,Lindsey Dearnly
430,Lynnea Charpin
431,Sarge Ciccarelli
432,Cthrine Foyston
433,Lee Pugh
434,Norton Lavell
435,Perry Pisculli
436,Forrester Leon
437,Megen Folli
438,Janna Benstead
439,Kiri Grimmolby
440,Loren Rugiero
441,Kelby Kildale
442,Jarrid Rix
443,Lillis Maxweell
444,Kayne McConnulty
445,Con Billyeald
446,Missy Rockhall
447,Dyanna Fairbard
448,Edmund Masselin
449,Grier Clemendet
450,Reggie Irnys
451,Pegeen Yurov
452,Rebekkah Dumini
453,Lind Cains
454,Cordi Marien
455,Licha Cerith
456,Bunnie Nevins
457,Ibby Butte
458,Madel Burniston
459,Jessey Witard
460,Betteanne Gavozzi
461,Fergus Speake
462,Annadiane Butt Gow
463,Esme Ayscough
464,Tally Lardnar
465,Symon Hamlyn
466,Justina Brazel
467,Erinna Profit
468,Steffane Broadbury
469,Siegfried Turnock
470,Jan Juszkiewicz
471,Cassandry Wilmot
472,Merline Guiden
473,Hervey Shawcross
474,Ximenez Baudinet
475,Evy Kinastan
476,Leeanne Messham
477,Sarette Lindwall
478,Dag Fogarty
479,Bryna Jedrysik
480,Caron Pasque
481,Bobbee Grote
482,Joya Perrottet
483,Vick Gajewski
484,Dicky Maulkin
485,Drucill Wieprecht
486,Carol-jean Waddilove
487,Deanna Newland
488,Verena Abreheart
489,Dilly Drysdale
490,Xena Starbuck
491,Lion Maudlin
492,Dani Hassard
493,Noni Matushevitz
494,Morgun Kochel
495,Reginauld Staff
496,Jeremie Kamen
497,Barry Sholem
498,Goldia Dikle
499,Trix Robuchon
500,Mitch Jerzyk
501,Jeni Butchard
502,Miguel De Andreis
503,Bellina Voules
504,Cassandry McCorry
505,Salvidor Feldmesser
506,Jo-ann Di Gregorio
507,Lona Sterricks
508,Jerrine Harty
509,Nathaniel Lackeye
510,Gray Seaward
511,Elvis Cosby
512,Tandie Spadari
513,Cathleen Stronough
514,Angeline Gounod
515,Shirlene Pointin
516,Devina Heinonen
517,Wadsworth Ryde
518,Cleve Frances
519,Kleon Jiroudek
520,Norean Orneles
521,Ingeberg Pickance
522,Judy Ambrosini
523,Magdalena O' Ronan
524,Brook Schankel
525,Orbadiah Giaomozzo
526,Sol Trumpeter
527,Mei Wilmut
528,Carlyle Cariss
529,Enriqueta Heckner
530,Micheil Springate
531,Smith Leverich
532,Salvatore Drains
533,Jedd Kaveney
534,Anet Flockhart
535,Clovis Alejandri
536,Fedora Conniam
537,Ignaz Alishoner
538,Talyah Fingleton
539,Briana Santostefano.
540,Dixie McComiskie
541,Dorice Ventom
542,Jayson Clowton
543,Rockwell Wakeley
544,Kylie Gazey
545,Joanie De Vaux
546,Jaye Marris
547,Tove Coultar
548,Nolie Kime
549,Markos Brilon
550,Stormie Balbeck
551,Morly Thirlwell
552,Ramsay Balsellie
553,Mabel Escot
554,My Boydon
555,Lorri Aimer
556,Brandy Kemet
557,Jason Salman
558,Vinnie Haysham
559,Pearla Heiden
560,Crysta Burgan
561,Lulita Styant
562,Marilee Nassi
563,Paloma Bocken
564,Belia Normabell
565,Grover Alcalde
566,Allissa Btham
567,Tomaso Quakley
568,Nerte Tommis
569,Merrill Trodd
570,Minni Wholesworth
571,Marina Pomeroy
572,Janna Goodsell
573,Ancell Londer
574,Evonne Falconer-Taylor
575,Delano Rulten
576,Isabeau Ryce
577,Melisande Sapauton
578,Goldie Rainsbury
579,Catha Lillyman
580,Camella Foden
581,Tammara Boyett
582,Rolland Maltster
583,Trumann Story
584,Sashenka Tuff
585,Franny Beaufoy
586,Elihu McArt
587,Marice Derisly
588,Halimeda Dunne
589,Gerhardine Vlasyev
590,Delano Luparti
591,Neddy Stoddart
592,Lenee Vagg
593,Chantal Dobeson
594,Osbert Rudgard
595,Amelie Fetteplace
596,Dew Krop
597,Caroljean Crommett
598,Alfreda Ivins
599,Timmi Marqyes
600,Spenser Damrel
601,Emiline Drysdell
602,Tony Shippey
603,Kirsteni Campe
604,Tobe Brun
605,Jennifer Matthesius
606,Terri Sibthorp
607,Ford Sidney
608,Al Crilly
609,Riordan Robecon
610,Ken Harler
611,Milli Gimbrett
612,Sibyl Kinningley
613,Vinny MacParlan
614,Rosa Fere
615,Cecilio Jantzen
616,Rudolph McKee
617,Caressa D'Oyly
618,Shae McCreedy
619,Tory Kennerknecht
620,Leeann Dell Casa
621,Waverly Scutts
622,Grace Blowne
623,Nara Scothorne
624,Rayna Greenstead
625,Simone Rugiero
626,Verina Aldridge
627,Berton Ewebank
628,Bartel McKintosh
629,Leroi Brecknock
630,Cullen Bachnic
631,Adan Tittershill
632,Chet Daton
633,Antoni De Gowe
634,Quinta McWhin
635,Jules Hember
636,Ingaborg Vasyanin
637,Terra Matusevich
638,Cindi Naulls
639,Jamill Faulconbridge
640,Scarlett Heakins
641,Marjie Postan
642,Celia Ratlee
643,Oren Crates
644,Deloria Bluck
645,Heda Garaghan
646,Ignacio Cherrington
647,Barbra Ciepluch
648,Dalli Prowting
649,Fayre Applewhite
650,Clayton Lefever
651,Eliza Karle
652,Urson Mar
653,Duff Dobeson
654,Kara Bordman
655,Robenia Ockwell
656,Flory Gladden
657,Mathilda Chittem
658,Ardine Fidler
659,Jeni Astall
660,Parke Klulicek
661,Fanya Chesman
662,Ysabel Baggelley
663,Paddy Houlison
664,Elissa Gorrick
665,Nancy Umfrey
666,Chery Bennellick
667,Phebe Trevor
668,Tyne Sallings
669,Ella Blakiston
670,Clifford Sives
671,Irena Gilardi
672,Phebe Riolfi
673,Marlena Ellerman
674,Devy Attewill
675,Montague Barthram
676,Cort McDuffy
677,Hyman Cutbush
678,Pauly Iorillo
679,William Prickett
680,Adena Hacksby
681,Cliff Tale
682,Griffith Fleote
683,Paco Insoll
684,Charin Durnford
685,Zerk Antoniades
686,Angelica Campe
687,Glory De Hooge
688,Edlin Nunson
689,Urban Balassi
690,Priscilla Ivashkin
691,Krystyna Dewdney
692,Clem Wensley
693,Heidie Ashenhurst
694,Hoyt Burbank
695,Desiree Wartonby
696,Mabelle Levecque
697,Ede Hartnup
698,Shina Trollope
699,Rich Sharvell
700,Charlotta Jacobsz
701,Pearle Minchindon
702,Sayer Pinke
703,Cassandry Haydn
704,Mick Lukacs
705,Georgie Beekmann
706,Chloe Storrs
707,Marinna Fehner
708,Shanie Hearnden
709,Eada Godleman
710,Edlin Jenik
711,Pablo Haggleton
712,Keelby Yezafovich
713,Armin Priest
714,Nancey Sclater
715,Beulah Guidera
716,Peria Branchett
717,Annie Lifton
718,Asher Pedrollo
719,Birgit Benford
720,Brewster Shugg
721,Tomas Twinbrow
722,Edeline Tomalin
723,Estelle Tringham
724,Gwenore Greydon
725,Bibby Weine
726,Mitch Haug
727,Erna Quipp
728,Matthew McAvey
729,Hussein Andrini
730,Alejandra Capun
731,Barnabas Dogg
732,Carmina Sproson
733,Monika Heskin
734,Janos Kryszkiecicz
735,Cyb Mainwaring
736,Lewiss Pollack
737,Samara Yelding
738,Hillyer Charpling
739,Ellis Scotting
740,Ravid Pacheco
741,Celina Karchowski
742,Clemmie Kelsey
743,Abeu Hackworthy
744,Falito Poulett
745,Rudolfo Placido
746,Jacinda Lutty
747,Gustav Teresa
748,Steffane Nanuccioi
749,Christin Grumble
750,Garrard Plunket
751,Yurik Tesoe
752,Nerta Waliszek
753,Robbin Camier
754,Bartholomeus O'Doireidh
755,Joyan Saunier
756,Latrena Attaway
757,Christi Ashment
758,Inez Chaston
759,Prudence Mulvey
760,Nonnah Keerl
761,Valentine Messier
762,Elissa Oswick
763,Nissie Feeny
764,Andromache Baylis
765,Joly Dodgshun
766,Tanya Weekley
767,Wally Dabbs
768,Marjorie Yushin
769,Belva North
770,Britt Pyford
771,Susan Rivalant
772,Bartholomew Antonov
773,Bridgette Chettle
774,Warde Garstang
775,Ashlin Garvill
776,Tamqrah Buckingham
777,Bevan Bigham
778,Olympe Newcome
779,Scotti Madden
780,Hesther Meert
781,Flory Fairhall
782,Wain Strutz
783,Redford McConville
784,Murry Tincey
785,Stormie Pattington
786,Patsy Lockhurst
787,Dave Meriel
788,Robbie Allaker
789,Elva Kayzer
790,Rube Ramelot
791,Abra Yanez
792,Patrice Groom
793,Horatia Maciaszek
794,Michaela Mattam
795,Stanfield Clineck
796,Viva Schuck
797,Fran Barrable
798,Sophie Callan
799,Anna-diana Sandifer
800,Matelda Gonzales
801,Merrill Gerardeaux
802,Alfie De Hooge
803,Heida Mapam
804,Fonzie Spencer
805,Madalyn Ruzicka
806,Babbie Girardin
807,Lurlene Cecchetelli
808,Wilfrid Esposi
809,Margeaux Hirjak
810,Emanuel Hutchinson
811,Jules Leece
812,Debbie Yeldham
813,Bambi Hagger
814,Pen Fidelus
815,Raimund Weerdenburg
816,Janos Carding
817,Simonne Eathorne
818,Star Yakob
819,Ophelie Bahde
820,Bernadette Goffe
821,Garvey Petranek
822,Hatty Limer
823,Barbara-anne Feron
824,Sonnie Theobold
825,Clementia McMillan
826,Adela Yeaman
827,Brear Sollis
828,Valaria Borzone
829,Edee Salmen
830,Gracie Cadden
831,Karol Sherr
832,Martynne Claw
833,Mikey Kobelt
834,Adria Kenninghan
835,Blair Baselli
836,Arlyn Shetliff
837,Fabiano Gear
838,Isabella Lenz
839,Kirsti Nulty
840,Paten Jordon
841,Dacey Loxly
842,Felice Readwood
843,Dedie Lindsell
844,Cathe Tayler
845,Merissa Elflain
846,Lottie Kilshaw
847,Dante Enden
848,Floyd Gregg
849,Ola Gothrup
850,Meara Pepineaux
851,Alfie Dunnaway
852,Craig Frayling
853,Grete Crockley
854,Bernadine Halston
855,Sarah Reynoldson
856,Lorene Fagence
857,Barbabra Dodsley
858,Gabie Coopland
859,Durant Dismore
860,Marian Mathelon
861,Milty Guildford
862,Fran Windley
863,Courtnay Meach
864,Ingaborg Coker
865,Shalne Dare
866,Emlynn Cota
867,Barnett Bax
868,Earvin Dodridge
869,Phil Jansik
870,Perry Southerden
871,Jefferey McKerlie
872,Farand Lafranconi
873,Brantley Livesay
874,Willetta Broinlich
875,Nike Dutton
876,Krystle Bedder
877,Lemar Rosgen
878,Ly Leale
879,Minnnie De Few
880,Ian McQuie
881,Natalina Deveraux
882,Martyn Potier
883,Shurlocke Kenzie
884,Haywood Butler-Bowdon
885,Faith Tall
886,Berne Netherwood
887,Kenna Gino
888,Shea Callingham
889,Demetria Pietzker
890,Arvin O'Duane
891,Dinah Francello
892,Cristina Fillgate
893,Joy Iashvili
894,Jacinta Blaasch
895,Willette Santore
896,Adrianne Huett
897,Gilligan Cadagan
898,Peyton Darycott
899,Dolly Bougourd
900,Fannie McErlaine
901,Caralie Stearn
902,Boonie Sharpous
903,Rivalee Tearle
904,Nicolea Symons
905,Shayla Grinsted
906,Shandra Viscovi
907,Arda Gummery
908,Eleanora Skudder
909,Ainslie Kidder
910,Rickie Leverage
911,Inga Mahmood
912,Martin De Giorgio
913,Cordelie Brownfield
914,Roze Stears
915,Jenine Camp
916,Ollie Thorogood
917,Chase Roseburgh
918,Henryetta Leyton
919,Bonita Curtoys
920,Erena Menlove
921,Beverie Cardwell
922,Vivian O'Dowling
923,Frederigo Seeley
924,Julie Mease
925,Alistair Boorer
926,Cynthie Hollingdale
927,Kaycee Buckler
928,Annabal Plowright
929,Dina Harrap
930,Rollins Chandlar
931,Connie Hars
932,Eudora Collibear
933,Gustavo Fidgeon
934,Niki Blinder
935,Rudy D'Emanuele
936,Shanta Dancy
937,Wilmette Coslett
938,Caro Passie
939,Dominic Campagne
940,Eduardo Klementz
941,Mindy Clemits
942,Veronike Kubal
943,Harlen Backshaw
944,Umeko Giscken
945,Faustina Sanz
946,Conni Ludmann
947,Carmita Saffon
948,Bondy Dri
949,Adrienne Bebbell
950,Royce Wear
951,Chuck Biaggioli
952,Lela Balsdon
953,Norbie Iacovacci
954,Sibbie Campana
955,Meredithe Tungay
956,Fancy Itzchaky
957,Alley Swaton
958,Marjy Byrne
959,Beck Wye
960,Malena Geffe
961,Mischa Mellor
962,Henryetta Teliga
963,Eadie Pole
964,Yevette Kelshaw
965,Gay Klauber
966,Devan McHaffy
967,Leonerd Fenkel
968,Jeniffer Gaish
969,Hermine Trehearne
970,Gaspar Kahan
971,Noe Nottingham
972,Sky Rozenzweig
973,Rodolphe Quigg
974,Mikel OIlier
975,Nancey Di Biaggi
976,Lacy Trahearn
977,Deb Ruzic
978,Meriel Donnett
979,Woodman Boorman
980,Leilah Bahl
981,Alfie Fermor
982,Carmina Lente
983,Toinette Ellerton
984,Catherin Redbourn
985,Johny Pickerill
986,Berry Enriques
987,Hamish Burns
988,Glendon Marquez
989,Orion Jeune
990,Myrvyn Favela
991,Dur Pepye
992,Lotte Lanchbery
993,Godwin Fairs
994,Corbett Sans
995,Mariquilla Neilly
996,Ceciley Kleinberer
997,Kelley Cockburn
998,Van Nickoll
999,Cornie Rawlcliffe
1000,Jeniece Andreas
